article,referrer
https://gpt-index.readthedocs.io/en/latest/examples/finetuning/embeddings/finetune_embedding_adapter.html,https://www.twitter.com/unlock_VALue
https://gpt-index.readthedocs.io/en/latest/examples/finetuning/knowledge/finetune_knowledge.html,https://www.twitter.com/unlock_VALue
https://www.linkedin.com/posts/erikacardenas300_here-are-4-rag-techniques-implemented-in-ugcPost-7109954298490302465-8vyF,
https://www.linkedin.com/posts/llamaindex_retrieving-too-much-context-in-a-rag-system-activity-7110776342303965184-W10rhttps://www.twitter.com/unlock_VALue,
https://www.linkedin.com/posts/llamaindex_you-can-now-get-a-full-tracingobservability-activity-7114637564753453057-wgPi?utm_source=share&utm_medium=member_desktop,https://www.twitter.com/unlock_VALue
https://www.linkedin.com/posts/llamaindex_building-good-rag-systems-is-hard-but-building-activity-7114307512664825856-4swa,https://www.twitter.com/unlock_VALue
https://www.linkedin.com/posts/llamaindex_building-the-llmgeneration-component-in-activity-7108513903038382081-9lne,https://www.twitter.com/unlock_VALue
https://www.linkedin.com/posts/llamaindex_in-the-past-few-weeks-weve-created-a-ton-activity-7112101679029780480-Av9C,https://www.twitter.com/unlock_VALue
https://gpt-index.readthedocs.io/en/latest/core_modules/query_modules/chat_engines/root.html,https://www.twitter.com/unlock_VALue
