content,referrer
https://www.drafthorseai.com/#demo,https://www.twitter.com/unlock_VALue
https://www.linkedin.com/posts/erikacardenas300_here-are-4-rag-techniques-implemented-in-ugcPost-7109954298490302465-8vyF?utm_source=share&utm_medium=member_ios,
https://www.linkedin.com/posts/llamaindex_retrieving-too-much-context-in-a-rag-system-activity-7110776342303965184-W10r?utm_source=share&utm_medium=member_ios,https://www.twitter.com/unlock_VALue
https://x.com/llama_index/status/1705302359038202101?s=46&t=LTSoDWXLa08Oi2VCOCK2Yg,https://www.twitter.com/unlock_VALue
https://x.com/jerryjliu0/status/1705294736918184237?s=46&t=LTSoDWXLa08Oi2VCOCK2Yg,https://www.twitter.com/unlock_VALue
https://x.com/jerryjliu0/status/1705376002883649857?s=46&t=LTSoDWXLa08Oi2VCOCK2Yg,https://www.twitter.com/unlock_VALue
https://x.com/llama_index/status/1705614101601509630?s=46&t=LTSoDWXLa08Oi2VCOCK2Yg,https://www.twitter.com/unlock_VALue
https://gpt-index.readthedocs.io/en/latest/examples/finetuning/embeddings/finetune_embedding_adapter.html,https://www.twitter.com/unlock_VALue
https://x.com/jerryjliu0/status/1706097203486629889?s=46&t=LTSoDWXLa08Oi2VCOCK2Yg,https://www.twitter.com/unlock_VALue
https://x.com/llama_index/status/1706049423644774910?s=46&t=LTSoDWXLa08Oi2VCOCK2Yg,https://www.twitter.com/unlock_VALue
https://x.com/emollick/status/1706037442246037732?s=46&t=LTSoDWXLa08Oi2VCOCK2Yg,https://www.twitter.com/unlock_VALue
https://gpt-index.readthedocs.io/en/latest/examples/finetuning/knowledge/finetune_knowledge.html,https://www.twitter.com/unlock_VALue
https://x.com/llama_index/status/1706096762933653962?s=46&t=LTSoDWXLa08Oi2VCOCK2Yg,https://www.twitter.com/unlock_VALue
