twitter thread,referrer
https://twitter.com/jerryjliu0/status/1703436869554594179,https://www.twitter.com/unlock_VALue
https://twitter.com/jerryjliu0/status/1705003857083007158,https://www.twitter.com/unlock_VALue
https://twitter.com/bindureddy/status/1706092114063639035,https://www.twitter.com/unlock_VALue
https://twitter.com/jerryjliu0/status/1708147687084986504,https://www.twitter.com/unlock_VALue
https://twitter.com/UseContinuum/status/1707516868628734149,https://www.twitter.com/unlock_VALue
https://x.com/llama_index/status/1705302359038202101?s=46&t=LTSoDWXLa08Oi2VCOCK2Yg,https://www.twitter.com/unlock_VALue
https://x.com/jerryjliu0/status/1705294736918184237?s=46&t=LTSoDWXLa08Oi2VCOCK2Yg,https://www.twitter.com/unlock_VALue
https://x.com/jerryjliu0/status/1705376002883649857?s=46&t=LTSoDWXLa08Oi2VCOCK2Yg,https://www.twitter.com/unlock_VALue
https://x.com/llama_index/status/1705614101601509630?s=46&t=LTSoDWXLa08Oi2VCOCK2Yg,https://www.twitter.com/unlock_VALue
https://x.com/jerryjliu0/status/1706097203486629889?s=46&t=LTSoDWXLa08Oi2VCOCK2Yg,https://www.twitter.com/unlock_VALue
https://x.com/llama_index/status/1706049423644774910?s=46&t=LTSoDWXLa08Oi2VCOCK2Yg,https://www.twitter.com/unlock_VALue
https://x.com/llama_index/status/1706096762933653962?s=46&t=LTSoDWXLa08Oi2VCOCK2Yg,https://www.twitter.com/unlock_VALue
https://x.com/emollick/status/1706037442246037732?s=46&t=LTSoDWXLa08Oi2VCOCK2Yg,https://www.twitter.com/unlock_VALue
https://x.com/jerryjliu0/status/1708523212366393403?s=46&t=LTSoDWXLa08Oi2VCOCK2Yg,https://www.twitter.com/unlock_VALue
https://x.com/llama_index/status/1708638824853823893?s=46&t=LTSoDWXLa08Oi2VCOCK2Yg,https://www.twitter.com/unlock_VALue
https://x.com/llama_index/status/1708264489861493072?s=46&t=LTSoDWXLa08Oi2VCOCK2Yg,https://www.twitter.com/unlock_VALue
https://x.com/jerryjliu0/status/1706820654019072380?s=46&t=LTSoDWXLa08Oi2VCOCK2Yg,https://www.twitter.com/unlock_VALue
https://x.com/jerryjliu0/status/1706753135631646884?s=46&t=LTSoDWXLa08Oi2VCOCK2Yg,https://www.twitter.com/unlock_VALue
https://x.com/llama_index/status/1706096762933653962?s=46&t=LTSoDWXLa08Oi2VCOCK2Yg,https://www.twitter.com/unlock_VALue
